514-78-8690,Papageno Knutton,Packers,Atlanta,797-76-0780
464-51-1161,Eben De la Eglise,Meadow Valley,Asheville,408-11-8212
582-68-6155,Daffy Greaser,Golden Leaf,Asheville,617-69-9664
538-17-9334,Alexei Necrews,Tony,Fresno,430-11-0879
555-95-2139,Niel Baudacci,Welch,Dallas,340-45-6621
148-85-7813,Ware Wasiela,Crownhardt,Seattle,519-40-5462
703-39-7660,Martelle Bebis,Blue Bill Park,Austin,183-34-1505
142-22-3080,Jacinta Pippin,Donald,Denver,498-09-6606
330-86-4939,Flem Kerley,Mariners Cove,Fresno,515-90-2846
351-63-9869,Ailis Farncombe,Cambridge,Dallas,595-73-2222
716-26-6186,Mae Balfour,Jay,Dallas,473-91-0739
186-10-4759,Linette Euplate,Red Cloud,Portland,213-48-2948
308-74-2096,Doti Lillie,Chive,Fresno,805-99-7523
159-45-3909,Roda Sizzey,Hanson,Salt Lake,861-20-0006
368-10-3270,Norean Lochead,Brentwood,Austin,375-04-3090
137-89-4289,Nicole Jermy,Kensington,Salt Lake,757-83-2000
582-94-9059,Kristan Wattins,Maywood,Fresno,453-74-7093
899-29-1181,Parnell Purchon,Boyd,Asheville,103-83-4376
524-67-4021,Eachelle Mulholland,Eagan,Seattle,192-24-4823
737-78-0004,Boony Hardesty,Lillian,Asheville,229-67-8778
751-14-4762,Nealon Rooksby,Northridge,New York,360-32-8523
113-62-5356,Raymond Igonet,Farmco,Denver,323-09-3787
112-02-1034,Kevon Dewhirst,Towne,Austin,865-23-9935
576-64-5768,Lotte Minithorpe,Carey,Dallas,659-48-7619
572-84-0118,Bonnie Rentoll,Graedel,Salt Lake,186-87-5650
670-32-5643,Terese Jedrzejewsky,Doe Crossing,Dallas,548-50-3118
757-08-6020,Gherardo Duthie,Dexter,Salt Lake,629-89-3571
531-68-1661,Wallace De Beauchemp,Barby,Atlanta,282-71-0125
439-11-9048,Laetitia Emms,La Follette,Seattle,528-16-5906
407-26-9012,Ivar Pibsworth,Cordelia,Asheville,560-68-0496
430-58-7771,Gil Liddall,Vidon,Denver,762-23-3484
238-94-5119,Annamarie Penketh,Loomis,New York,237-23-2333
229-37-7359,Bobbi Milward,Mayfield,New York,233-12-9999
711-14-7662,Annamaria Lilburn,Wayridge,Austin,347-21-3272
260-23-0109,Charmion Drable,Welch,San Jose,432-21-2148
222-71-5516,Tasia Shiril,Warrior,Denver,298-43-5432
251-40-3332,Lorilee Adrien,American,Seattle,797-76-0780
272-16-8160,Darlene Chasle,Grayhawk,Greenville,408-11-8212
334-78-2020,Marchelle Baynon,Maryland,San Jose,617-69-9664
894-22-1150,Gran McIntosh,Marquette,Denver,430-11-0879
639-68-4271,Mehetabel Bloomfield,West,Fresno,340-45-6621
743-07-5000,Gerladina Skamal,Little Fleur,Asheville,519-40-5462
791-11-1532,Hazlett Neilan,Lukken,Salt Lake,183-34-1505
817-73-8948,Barbara-anne Barford,Merchant,Seattle,498-09-6606
443-57-2883,Dee Artrick,Bultman,Fresno,515-90-2846